artists,artist_id
S,
강타,
S#arp,
BoA,
ShinVi,
S.E.S.,
H.O.T.,
M.I.L.K.,
SMTOWN,
SHINHWA,
문희준,
다나,
Girls’ Generation,
SUPER JUNIOR,
天上智喜 The Grace,
SUPER JUNIOR-T,
f(x),
SHINee,
SUPER JUNIOR-M,
SUPER JUNIOR HAPPY,
EXO-K,
EXO-M,
Girls' Generation-TTS,
EXO,
SUPER JUNIOR-D&E,
SUPER JUNIOR-K.R.Y.,
TAEYEON,
S.M. THE BALLAD,
천상지희 다나&선데이,
M&D,
JONGHYUN,
ONEW,
Jessica,
Younique Unit,
HENRY,
SUNNY,
TAEMIN,
WENDY,
Red Velvet,
LUNA,
Amber Liu,
CHEN,
규현,
BAEKHYUN,
NCT U,
려욱,
NCT 127,
LAY,
Tiffany Young,
예성,
NCT DREAM,
EXO-CBX,
Triple T,
JOY,
HYO,
서현,
TEN,
유노윤호,
최강창민,
윤아,
성민,
NCT,
Girls’ Generation‐Oh!GG,
이진솔,
KEY,4e848ea9-d9d3-4608-b5ee-baa29acf4cca
YURI,
YERI,
威神V,
SUV (SHINDONG&UV),
MINHO,
SuperM,
SULLI,
EXO-SC,
XIUMIN,
D.O.,
CHANYEOL,
TAEYONG,
Red Velvet - IRENE & SEULGI,
Woojoo jjokkomi,
동해,
SUHO,
KAI,
aespa,
WayV-TEN & YANGYANG,
은혁,
MARK,1d673024-a339-4b97-9f41-52cdc47498c6
GOT the beat,
SEULGI,
JAEHYUN,
NCT DOJAEJUNG,
RIIZE,
SUPER JUNIOR‐L.S.S.,
LUCAS,
NCT WISH,
도영,
김동완,
